<?xml version="1.0" encoding="UTF-8"?>
<project-private xmlns="http://www.netbeans.org/ns/project-private/1">
    <editor-bookmarks xmlns="http://www.netbeans.org/ns/editor-bookmarks/2" lastBookmarkId="0"/>
    <open-files xmlns="http://www.netbeans.org/ns/projectui-open-files/2">
        <group>
            <file>file:/home/student1/njeyagan/Downloads/lab7/project5/src/project5/Gold.java</file>
            <file>file:/home/student1/njeyagan/Downloads/lab7/project5/src/project5/Silver.java</file>
        </group>
    </open-files>
</project-private>
